parent_id,id
t1,dcr6y0m
t3,dcpypwp
t1,dcr7mx5
t1,dcpyrbq
t1,dcr7n78
t1,dcpytnq
t3,dcr7wcp
t1,dcpyui9
t3,dcr7zqn
t1,dcpyv7k
t1,dcr80uc
t3,dcpyvan
t1,dcr84hu
t1,dcpyw9v
t3,dcr8cgx
t1,dcpyx0z
t3,dcr8cuk
t3,dcpyy4l
t3,dcr8gb9
t1,dcpz1t2
t3,dcr8jpf
t1,dcpz1x4
t1,dcr90x5
t1,dcpz3y3
t3,dcr912a
t1,dcpz4rj
t3,dcr9h48
t1,dcpz5jx
t3,dcr9hrx
t3,dcpz5vx
t1,dcr9ovu
t1,dcpz90s
t1,dcr9teq
t1,dcpzaon
t1,dcr9wep
t1,dcpzblr
t1,dcra4s2
t1,dcpzcm6
t1,dcra635
t1,dcpzd1v
t1,dcra8j0
t1,dcpzhje
t1,dcracmw
t1,dcpzjkt
t1,dcraji7
t1,dcpzjrt
t1,dcral4b
t1,dcpzkkp
t1,dcraq51
t1,dcpzkpu
t1,dcrb1p4
t3,dcpzl34
t1,dcrb5uj
t1,dcpzl44
t1,dcrbdq7
t1,dcpzloa
t1,dcrbejr
t1,dcpzlro
t1,dcrbgfd
t3,dcpzm34
t3,dcrbiof
t1,dcpzm4w
t3,dcrbiyw
t1,dcpzmlq
t1,dcrbl6c
t1,dcpzn4i
t1,dcrbuce
t1,dcpzo1z
t1,dcrbwlw
t1,dcpzo4u
t1,dcrc1do
t3,dcpzocr
t1,dcrc28v
t1,dcpzoq7
t1,dcrcepk
t1,dcpzpgf
t1,dcrcf0i
t1,dcpzq3p
t1,dcupa15
t1,dcpzrtx
t1,dcuqcqg
t1,dcpzs1m
t1,dcuqkbu
t3,dcpzvmz
t1,dcuqo2j
t1,dcpzxvb
t1,dcurnda
t1,dcpzy0p
t1,dcuru7u
t3,dcpzya4
t1,dcuskvo
t1,dcq0281
t1,ddc3571
t1,dcq078e
t1,dcvo815
t1,dcq09z3
t1,dcrtevf
t1,dcq09zx
t1,dcrtqg7
t1,dcq0bra
t1,dcruoom
t3,dcq0brn
t1,dcrwy9a
t1,dcq0cz7
t1,dcrxlcg
t3,dcq0dfx
t3,dcqf67q
t1,dcq0dov
t1,dcqf6ci
t1,dcq0elq
t1,dcqf8pw
t1,dcq0feg
t1,dcqf92c
t3,dcq0fn4
t1,dcqf9ti
t3,dcq0hc2
t1,dcqfbqk
t1,dcq0k7g
t1,dcqfeh8
t3,dcq0nav
t1,dcqff8y
t1,dcq0ofc
t3,dcqfiy5
t1,dcq0pl1
t1,dcqfmlx
t3,dcq0u4g
t1,dcqfnyv
t3,dcq0ub3
t1,dcqfpn3
t3,dcq0uxg
t3,dcqfpz5
t3,dcq0v72
t1,dcqfv0e
t1,dcq12xp
t3,dcqfxmp
t3,dcq12yf
t1,dcqfyrg
t1,dcq1427
t1,dcqfzjp
t1,dcq14ln
t1,dcqg00c
t1,dcq15fm
t1,dcqg012
t1,dcq171q
t1,dcqg0df
t1,dcq19ri
t1,dcqg26a
t1,dcq1ajk
t1,dcqg287
t1,dcq1atu
t1,dcqg3pt
t1,dcq1e8q
t1,dcqg473
t1,dcq1h5g
t1,dcqg4a7
t3,dcq1h92
t1,dcqg4zd
t1,dcq1jq3
t1,dcqg5gu
t1,dcq1ju8
t1,dcqg6mj
t1,dcq1moo
t1,dcqg78u
t3,dcq1nk0
t1,dcqg7bc
t1,dcq1o53
t1,dcqg99o
t1,dcq1o5a
t3,dcqg9lf
t1,dcq1ok9
t1,dcqg9w8
t1,dcq1q57
t1,dcqgare
t1,dcq1quy
t1,dcqgcil
t1,dcq1r7g
t1,dcqgdpl
t1,dcq1u8c
t3,dcqge1n
t1,dcq1xca
t1,dcqge6y
t1,dcq1xfi
t1,dcqgekp
t1,dcq1ypu
t1,dcqgh9a
t3,dcq21nw
t1,dcqgk89
t1,dcq22ae
t1,dcqgkpf
t1,dcq23s1
t1,dcqglih
t1,dcq24eh
t1,dcqglnc
t1,dcq287v
t1,dcqgphh
t1,dcq29ku
t1,dcqgqcs
t1,dcq2arf
t1,dcqgvkj
t1,dcq2b29
t1,dcqgvnr
t3,dcq2bft
t3,dcqgyp8
t1,dcq2cw0
t1,dcqh04v
t1,dcq2cxb
t1,dcqh32a
t1,dcq2dkl
t1,dcqh3yw
t1,dcq2eto
t3,dcqh64l
t1,dcq2gcx
t1,dcqh6i9
t1,dcq2hhe
t1,dcqh6mk
t3,dcq2i0h
t1,dcqh6su
t1,dcq2k09
t1,dcqh7ej
t1,dcq2k73
t1,dcqha00
t1,dcq2lnk
t3,dcqhc1i
t1,dcq2o50
t1,dcqhd9i
t1,dcq2r2y
t1,dcqhdrt
t1,dcq2sie
t1,dcqhe8r
t3,dcq2w2j
t1,dcqhf2j
t1,dcq2ye2
t1,dcqhfmi
t1,dcq301t
t1,dcqhif1
t1,dcq317z
t1,dcqhijf
t1,dcq33mq
t1,dcqhiqc
t3,dcq35uc
t1,dcqhke6
t1,dcq38nv
t1,dcqhmd5
t1,dcq3cip
t1,dcqholi
t1,dcq3dy6
t3,dcqhpdy
t1,dcq3f02
t3,dcqhqbo
t3,dcq3gng
t1,dcqhqd2
t1,dcq3hvi
t1,dcqhrjo
t1,dcq3j3m
t1,dcqhrsu
t1,dcq3nbw
t1,dcqhsf5
t3,dcq3pwt
t1,dcqhvba
t1,dcq3qlf
t1,dcqhwsr
t1,dcq3svx
t1,dcqhxvu
t1,dcq3uh7
t1,dcqhxwc
t1,dcq3uk6
t1,dcqhy47
t1,dcq3wsd
t1,dcqhzby
t3,dcq3xkl
t1,dcqhzl8
t1,dcq9lfw
t1,dcqi01s
t1,dcq9olb
t1,dcqi2ow
t1,dcq9re8
t1,dcqi3ko
t1,dcq9rwf
t3,dcqi5y4
t1,dcq9upt
t1,dcqi5zg
t1,dcq9yyc
t1,dcqiass
t1,dcq9z0p
t3,dcqifmv
t1,dcq9zsi
t1,dcqih3w
t1,dcqa0pg
t1,dcqiinv
t1,dcqa1jh
t1,dcqiizf
t1,dcqa2k4
t1,dcqil9y
t1,dcqa5mv
t1,dcqilp8
t1,dcqa728
t1,dcqim1n
t1,dcqa9ez
t3,dcqin2k
t1,dcqa9h6
t1,dcqirat
t1,dcqabvc
t1,dcqirp4
t1,dcqactx
t1,dcqiryh
t1,dcqaegb
t1,dcqishd
t3,dcqahdq
t1,dcqisqh
t1,dcqaij9
t1,dcqiun5
t1,dcqaun0
t1,dcqiv69
t1,dcqautw
t1,dcqiwob
t1,dcqaxbc
t1,dcqixae
t1,dcqb0ak
t1,dcqixk6
t1,dcqb1cn
t1,dcqixng
t1,dcqb4fb
t1,dcqiy0z
t1,dcqb4r8
t1,dcqj0u5
t1,dcqb5wv
t3,dcqj2xf
t1,dcqb7y0
t1,dcqj67x
t1,dcqb87p
t3,dcqj6hx
t1,dcqb9gt
t1,dcqj8a3
t1,dcqbaew
t1,dcqjbtc
t1,dcqbahh
t1,dcqjcl0
t3,dcqbcf7
t1,dcqje6t
t1,dcqbcz3
t1,dcqjedj
t3,dcqbei5
t1,dcqjexw
t1,dcqbfp1
t1,dcqjf8c
t1,dcqbh1d
t1,dcqjh9q
t1,dcqbhx6
t1,dcqjha3
t1,dcqbj4e
t1,dcqjiou
t1,dcqbojj
t1,dcqjit6
t1,dcqbpue
t3,dcqjk58
t1,dcqbqs3
t3,dcqjko3
t3,dcqbr1o
t1,dcqjlzq
t1,dcqbt3a
t1,dcqjoby
t1,dcqbu7t
t1,dcqjuhz
t1,dcqbv1e
t1,dcqjwnw
t1,dcqbvmv
t3,dcqjxtt
t1,dcqbz9b
t1,dcqjyry
t1,dcqbze4
t1,dcqk20n
t1,dcqc0le
t1,dcqk25u
t1,dcqc1b9
t1,dcqk4dk
t1,dcqc1v8
t1,dcqk8ca
t3,dcqc2no
t1,dcqk968
t1,dcqc32c
t1,dcqka99
t1,dcqc35a
t1,dcqkb4r
t1,dcqc57o
t3,dcqkd5n
t3,dcqc6qi
t1,dcqkd8d
t1,dcqc96t
t1,dcqkght
t1,dcqc9ov
t1,dcqkhzq
t1,dcqcaec
t1,dcqkiyw
t1,dcqcafp
t1,dcqkj58
t1,dcqcb54
t1,dcqkkgi
t3,dcqccm4
t1,dcqkn8u
t1,dcqceeo
t3,dcpxv7c
t1,dcqcf6x
t3,dcpxwxx
t1,dcqcg2f
t3,dcpxxeo
t1,dcqcgv8
t1,dcpy2tq
t3,dcqci2r
t1,dcpy3pw
t1,dcqckc1
t1,dcpy64w
t1,dcqclmj
t3,dcpy6eb
t1,dcqclu2
t3,dcpyd6v
t1,dcqcm6a
t1,dcpyfct
t3,dcqcn3a
t1,dcpyfw7
t1,dcqcnl9
t1,dcpygyn
t1,dcqcoou
t1,dcq41vo
t1,dcqcoq1
t1,dcq42ly
t1,dcqcpbg
t1,dcq43hs
t1,dcqcqn3
t1,dcq43kn
t1,dcqcqp1
t1,dcq43wo
t1,dcqcr5x
t3,dcq47jz
t1,dcqcsvh
t1,dcq47tb
t1,dcqcsz0
t1,dcq4ae8
t3,dcqct64
t1,dcq4btc
t1,dcqctbl
t1,dcq4dlx
t1,dcqctmj
t1,dcq4esm
t1,dcqctyx
t1,dcq4hx3
t1,dcqcwb6
t3,dcq4ihk
t1,dcqcwk7
t3,dcq4iqf
t1,dcqd0du
t1,dcq4jjp
t1,dcqd19j
t1,dcq4kn4
t1,dcqd2ta
t1,dcq4krq
t1,dcqd3cv
t1,dcq4kw5
t1,dcqd3mh
t1,dcq4nff
t1,dcqd3nb
t3,dcq4pid
t1,dcqd3y4
t1,dcq4pkg
t1,dcqd5oe
t1,dcq4q9k
t1,dcqd5p7
t1,dcq4q9t
t1,dcqd7nr
t1,dcq4tq0
t3,dcq4uf8
t1,dcqd9sm
t3,dcq4ybe
t1,dcqdagf
t1,dcq510m
t1,dcqdar4
t1,dcq52cn
t1,dcqdb0m
t1,dcq52eq
t1,dcqdb84
t3,dcq52hh
t1,dcqdb9t
t1,dcq52xc
t1,dcqdd27
t1,dcq548f
t1,dcqddvp
t1,dcq55n8
t1,dcqdgqg
t1,dcq55r3
t1,dcqdhou
t1,dcq569o
t1,dcqdhtw
t1,dcq56bn
t1,dcqdile
t3,dcq59jv
t1,dcqdlqh
t3,dcq5bpw
t1,dcqdpn7
t1,dcq5cxq
t1,dcqdpw9
t1,dcq5ewu
t1,dcqdrrs
t3,dcq5fi1
t1,dcqdscw
t3,dcq5g5m
t3,dcqdszv
t1,dcq5hfc
t1,dcqdv5i
t3,dcq5hl4
t1,dcqdv7v
t1,dcq5jhu
t1,dcqdvtr
t1,dcq5jwl
t3,dcqdwyb
t1,dcq5lhc
t3,dcqdxut
t3,dcq5m2a
t1,dcqdzjq
t1,dcq5muu
t1,dcqe3zw
t1,dcq5nam
t1,dcqe50n
t3,dcq5nqe
t1,dcqe666
t3,dcq5pzx
t1,dcqe6ue
t1,dcq5qp6
t1,dcqe6xh
t1,dcq5rr8
t1,dcqe8sg
t1,dcq5sf6
t3,dcqe8wu
t1,dcq5sqi
t1,dcqecaj
t1,dcq5t54
t1,dcqecvc
t3,dcq5t95
t1,dcqedcw
t1,dcq5tb0
t1,dcqefc5
t1,dcq5trt
t1,dcqegue
t1,dcq5tzm
t1,dcqehsx
t1,dcq5u96
t3,dcqeire
t1,dcq5v0m
t1,dcqeizd
t1,dcq5vu9
t1,dcqejez
t1,dcq5w0o
t1,dcqejm4
t1,dcq5y06
t1,dcqejui
t1,dcq5y85
t1,dcqekdr
t1,dcq5yhx
t1,dcqelt8
t1,dcq5yzo
t1,dcqemea
t1,dcq5z10
t1,dcqemju
t1,dcq5z72
t1,dcqemng
t1,dcq60ax
t1,dcqeof4
t1,dcq60hu
t1,dcqepv0
t1,dcq615a
t1,dcqeqe7
t1,dcq616z
t1,dcqequy
t1,dcq61ec
t1,dcqetfx
t1,dcq61ix
t1,dcqevho
t1,dcq62bm
t3,dcqevv5
t1,dcq6343
t1,dcqewq0
t1,dcq63n3
t3,dcqewqf
t1,dcq640n
t1,dcqex2j
t3,dcq6627
t3,dcqf0s4
t1,dcq66gk
t1,dcqf1r2
t3,dcq674q
t1,dcqf24h
t1,dcq676m
t3,dcqf2ey
t1,dcq67gu
t1,dcqf2pc
t1,dcq69jg
t1,dcrnnmm
t1,dcq69w2
t1,dcrno9m
t1,dcq6a3z
t1,dcrnp62
t1,dcq6a4h
t3,dcrns0u
t1,dcq6az1
t1,dcroxnz
t3,dcq6bj7
t1,dcrp69v
t1,dcq6cpt
t1,dcrphfc
t1,dcq6cuy
t1,dcrpk19
t1,dcq6czk
t1,dcrpyuh
t3,dcq6d1q
t1,dcrq4fe
t1,dcq6emf
t1,dcrrc32
t1,dcq6fy1
t1,dcrrjcr
t1,dcq6g7r
t1,dcrs8o1
t1,dcq6gly
t1,dcrspll
t1,dcq6h69
t3,dcqkspd
t1,dcq6i4k
t1,dcqkthk
t1,dcq6m87
t1,dcqkuai
t3,dcq6mdu
t1,dcqkuib
t1,dcq6mg7
t1,dcqkvm6
t1,dcq6mqo
t1,dcqkvwf
t3,dcq6omc
t1,dcqkx0n
t3,dcq6opi
t3,dcqkx6t
t1,dcq6ot5
t1,dcqkynv
t1,dcq6qlh
t1,dcqkzfp
t1,dcq6qzl
t1,dcqkziw
t1,dcq6rel
t1,dcql0bk
t1,dcq6sqc
t3,dcql248
t1,dcq6t75
t1,dcql37u
t3,dcq6tf3
t3,dcql3gs
t3,dcq6ttn
t1,dcql5ep
t1,dcq6ua5
t1,dcql8kl
t1,dcq6v4f
t1,dcqla3m
t1,dcq6w50
t1,dcqlafa
t1,dcq6wb3
t1,dcqlbkp
t1,dcq6x26
t1,dcqlcml
t1,dcq6xx0
t3,dcqlelj
t1,dcq707q
t1,dcqler7
t1,dcq70d7
t1,dcqlfae
t3,dcq70js
t1,dcqlfpu
t1,dcq71ai
t1,dcqlgo9
t3,dcq720s
t1,dcqlh18
t1,dcq728y
t1,dcqli8e
t1,dcq734k
t3,dcqlmuc
t1,dcq734n
t3,dcqlnbu
t1,dcq73xp
t1,dcqlo65
t3,dcq74gu
t1,dcqlp99
t3,dcq75a0
t3,dcqlr6z
t1,dcq75k9
t1,dcqlwq0
t3,dcq75q7
t1,dcqlyx5
t1,dcq7cjj
t1,dcqm0oz
t3,dcq7d4m
t1,dcqm2t9
t3,dcq7e33
t1,dcqm410
t1,dcq7fz6
t1,dcqm542
t1,dcq7ghs
t1,dcqm8v0
t1,dcq7h80
t1,dcqm9wu
t1,dcq7mw9
t1,dcqmbbp
t1,dcq7n9y
t1,dcqmc5r
t1,dcq7otq
t1,dcqmdjy
t1,dcq7qvy
t1,dcqmfbl
t1,dcq7s0d
t1,dcqmg4l
t1,dcq7tap
t1,dcqmh7n
t1,dcq7tqe
t1,dcqmjh7
t1,dcq7ucd
t1,dcqmk2s
t3,dcq7wze
t3,dcqmldg
t1,dcq7xzt
t3,dcqmleh
t3,dcq817u
t1,dcqmnlq
t1,dcq82gh
t1,dcqmpkz
t1,dcq82hg
t1,dcqmr62
t1,dcq83ya
t1,dcqmrl3
t3,dcq8490
t1,dcqmrmc
t1,dcq84r6
t1,dcqmtj1
t1,dcq858f
t1,dcqmvw5
t3,dcq85g4
t1,dcqmwyr
t3,dcq8a9t
t1,dcqmxpm
t3,dcq8dsp
t1,dcqmzm9
t1,dcq8gnj
t1,dcqn0cx
t1,dcq8ob7
t3,dcqn2wo
t1,dcq8s9m
t3,dcqn33t
t1,dcq8wyk
t1,dcqn4n3
t1,dcq8z1u
t1,dcqn6me
t1,dcq8z68
t1,dcqn716
t1,dcq92dm
t1,dcqn7p0
t1,dcq93f1
t1,dcqn7s1
t3,dcq9506
t1,dcqn7yy
t1,dcq95us
t3,dcqn9ek
t1,dcq95x4
t1,dcqnbf2
t1,dcq97ao
t1,dcqnckv
t1,dcq988x
t1,dcqnf5w
t1,dcq98uw
t1,dcqnfqs
t1,dcq9ahi
t3,dcqngag
t3,dcq9bfe
t3,dcqngey
t1,dcq9bsi
t1,dcqngzd
t1,dcq9bui
t1,dcqnjzy
t1,dcq9bvb
t1,dcqnlxs
t1,dcq9bya
t3,dcqntrs
t1,dcq9dv7
t1,dcqnwio
t1,dcq9eqd
t1,dcqnxsv
t1,dcq9gdl
t1,dcqo1iw
t1,dcrztls
t1,dcqo4tm
t1,dcs1a6g
t1,dcqo5kd
t1,dcs292b
t1,dcqo7af
t1,dcs3omi
t1,dcqo8gp
t3,dcsavcb
t1,dcqo9je
t3,dcsd7gp
t1,dcqocts
t3,dcsdgyk
t1,dcqod14
t1,dcsemsu
t1,dcqod29
t1,dcsf03m
t1,dcqodqr
t1,dcqqg8f
t1,dcqoe8w
t3,dcqqgdm
t3,dcqoeh8
t1,dcqqj51
t1,dcqogup
t3,dcqqk6q
t3,dcqoh97
t1,dcqql2h
t1,dcqoi3f
t1,dcqqmpw
t1,dcqokha
t1,dcqqnh4
t1,dcqoklx
t1,dcqqnkm
t1,dcqoqwt
t1,dcqqoen
t1,dcqosgy
t1,dcqqpdl
t1,dcqosi6
t1,dcqqr82
t1,dcqou6c
t1,dcqqr87
t1,dcqoxd2
t1,dcqqty6
t1,dcqoxrk
t1,dcqquum
t1,dcqp30m
t1,dcqqvfj
t1,dcqp4q1
t1,dcqqxvp
t1,dcqp62y
t1,dcqqxzr
t1,dcqp8jv
t1,dcqqy91
t1,dcqp9u9
t1,dcqr2mq
t1,dcqpd3l
t1,dcqr3rh
t1,dcqpdbv
t1,dcqr4jt
t1,dcqpe00
t1,dcqr5tc
t1,dcqpeag
t1,dcqr8qg
t1,dcqpfah
t1,dcqr8yf
t1,dcqpfcc
t1,dcqrb8c
t1,dcqpgqd
t1,dcqrc8f
t1,dcqphz8
t3,dcqrdrs
t1,dcqpi9j
t1,dcqre4d
t3,dcqpiej
t1,dcqre6j
t1,dcqpkta
t3,dcqrety
t1,dcqpmoe
t1,dcqrsyj
t1,dcqppik
t1,dcqruaz
t1,dcqprhq
t1,dcqrwf6
t3,dcqpsv9
t1,dcqs1v6
t1,dcqpt5d
t1,dcqs4jz
t3,dcqpt8c
t1,dcqs7x2
t1,dcqptcu
t1,dcqsflu
t1,dcqpu3n
t3,dcqsi05
t3,dcqpu6c
t1,dcqsjz4
t3,dcqpw8p
t1,dcqsnz6
t1,dcqpxqa
t1,dcqss5s
t1,dcqq2ok
t3,dcqst69
t1,dcqq2x2
t1,dcqsv88
t1,dcqq6za
t3,dcqsv96
t1,dcqq710
t1,dcqt0fc
t1,dcqq7f9
t1,dcqt83l
t1,dcqqahi
t1,dcqt98g
t1,dcqqbe4
t1,dcqtf8m
t3,dcqqc5t
t1,dcqthnw
t1,dcqqcsk
t1,dcqtj8u
t1,dcqqczl
t1,dcqtkki
t1,dcqqdp6
t1,dcqtl5s
t3,dcr1fj8
t1,dcqtlm3
t1,dcr1fl2
t1,dcqtmce
t1,dcr1gde
t1,dcqtmd8
t1,dcr1gge
t1,dcqtn0i
t3,dcr1hfi
t1,dcqtpig
t3,dcr1kcx
t1,dcqtpxu
t1,dcr1oqa
t1,dcqtqq2
t1,dcr1v4l
t1,dcqtrm9
t1,dcr1wh6
t1,dcqtu38
t1,dcr20df
t1,dcqtvlm
t1,dcr21n3
t1,dcqtwfy
t1,dcr29wm
t1,dcqtzdu
t1,dcr2mq9
t1,dcqu0ms
t1,dcr2pek
t1,dcqu0yr
t3,dcr2soo
t3,dcqu3xi
t1,dcr31oa
t1,dcqu8im
t1,dcr31wv
t3,dcquap9
t1,dcr34x0
t1,dcqud2o
t3,dcr3c72
t1,dcqueed
t3,dcr3gzu
t1,dcqufd5
t1,dcr3ogq
t1,dcqug0i
t1,dcr3sut
t3,dcquic8
t1,dcr3w9m
t1,dcqukoz
t1,dcr3wd7
t1,dcqukv2
t1,dcr3whn
t3,dcqulm4
t1,dcr3yu0
t1,dcquqm9
t1,dcr4298
t3,dcquvwc
t1,dcr45k9
t1,dcqva79
t3,dcr47no
t3,dcqvaw8
t1,dcr47yo
t3,dcqvbmn
t1,dcr4dmi
t1,dcqve0x
t3,dcr4hrg
t1,dcqvihu
t1,dcr4kwj
t1,dcqvj3x
t1,dcr4mma
t1,dcqvmdk
t1,dcr4pz8
t1,dcqvp3t
t3,dcr4r0i
t1,dcqvpqm
t1,dcr4v63
t1,dcqvtlh
t1,dcr4vel
t1,dcqvwvn
t1,dcr4ypf
t1,dcwf9y8
t1,dcr50i7
t1,dcri5fs
t1,dcr52bm
t3,dcriemi
t1,dcr54p7
t1,dcriokv
t1,dcr55t0
t1,dcrisvc
t1,dcr5713
t1,dcrixpt
t1,dcr57qm
t1,dcrj2br
t3,dcr5ji8
t3,dcrjh1k
t1,dcr5l9f
t1,dcrjhqc
t3,dcr5m8z
t1,dcrjkyt
t1,dcr5qaa
t1,dcrkn31
t1,dcr5qx8
t1,dcrkpds
t1,dcr5t4x
t1,dcrlll7
t3,dcr5tf9
t1,dcrlzh3
t3,dcr5wq9
t1,dcrm576
t3,dcr5xnl
t1,dcrmlgz
t1,dcr5y3m
t1,dcrn1s9
t1,dcr60kz
t1,dcrn8sy
t3,dcr60x5
t1,dcsxylx
t1,dcr63kz
t1,dcsz6v5
t3,dcr63ys
t1,dd522nt
t3,dcr65cq
t1,dcwuy1j
t1,dcr6fe4
t1,dcqw1ci
t3,dcr6ibz
t1,dcqw4ki
t1,dcr6mx9
t1,dcqw5t3
t1,dcr6nay
t1,dcqw66d
t3,dcr6ru0
t3,dcqw93m
t1,dcr6v42
t1,dcqw9xw
t1,dct4yxr
t1,dcqw9z2
t1,dcrctih
t1,dcqwcuo
t1,dcrcxni
t1,dcqwd1z
t1,dcrcyus
t1,dcqwif4
t1,dcrd4y6
t1,dcqwk5u
t1,dcrd6vl
t1,dcqwpjp
t1,dcrd6wf
t3,dcqwqaa
t1,dcrd94k
t1,dcqwt6j
t1,dcrdbbd
t1,dcqwt8q
t1,dcre01s
t1,dcqwwga
t1,dcre9it
t1,dcqwxem
t1,dcrekjo
t1,dcqx01h
t1,dcrerwj
t1,dcqx30w
t1,dcrevac
t1,dcqx4sp
t1,dcrf1gp
t1,dcqx4zb
t3,dcrfkei
t1,dcqx7qb
t1,dcrfo8z
t1,dcqx8sv
t1,dcrfyp5
t1,dcqxbi8
t3,dcrg855
t1,dcqxiwn
t1,dcrg8hn
t1,dcqxjtn
t1,dcrgtlo
t1,dcqxk21
t1,dcrhoy0
t1,dcqy60v
t1,dcrhxdr
t3,dcqy8od
t1,dcsqzd8
t1,dcqyl9g
t1,dcsr3wz
t1,dcqylm6
t1,dcsrr61
t1,dcqym94
t1,dcssavz
t1,dcqyp4w
t1,dcstchr
t1,dcqyq5z
t1,dcsuw7o
t1,dcqyqqm
t1,dcsfynx
t1,dcqysap
t1,dcsl0ow
t1,dcqyw4s
t3,dcs4w24
t3,dcqyx0v
t3,dcs5103
t1,dcqyxlt
t1,dcs59xo
t1,dcqz1ik
t3,dcs5a7w
t3,dcqz4bc
t3,dcs67ak
t1,dcqza64
t3,dcs6fby
t1,dcqzgkk
t1,dcs7xxu
t1,dcqzkz4
t1,dcs87uf
t3,dcqzkze
t1,dcs89xh
t3,dcqzlkb
t1,dcs8a38
t3,dcqzn28
t1,dcs9z3l
t1,dcqzv7u
t1,dctargo
t3,dcqzvqu
t1,dcsqhcj
t3,dcr01kv
t1,dcsqtzw
t1,dcr0387
t1,dcvcw7v
t1,dcr03vv
t1,dctqg4o
t1,dcr04lx
t1,dcr07yn
t1,dcr08pw
t1,dcr0an3
t1,dcr0bp1
t1,dcr0dfy
t1,dcr0e1r
t1,dcr0ep0
t1,dcr0eu0
t1,dcr0fjo
t1,dcr0fo0
t1,dcr0gx6
t1,dcr0h2m
t1,dcr0hgs
t1,dcr0i0y
t1,dcr0i5u
t1,dcr0iak
t1,dcr0iin
t1,dcr0iox
t1,dcr0ixl
t1,dcr0j3c
t1,dcr0jlj
t1,dcr0jvv
t1,dcr0kov
t1,dcr0lw2
t1,dcr0n2x
t1,dcr0t54
t1,dcr0tak
t1,dcr0te7
t1,dcr0xx9
t1,dcr0y1i
t1,dcr122v
t1,dcr14a2
t1,dcr14ko
t1,dcr164h
t1,dcr16a1
t1,dcr16v7
t1,dcr188i
t1,dcr18hu
t1,dcr19kc
t1,dcr1aqk
t1,dcr1dai
t3,dcr1dff
